{"cameraMode":{"drawMode":0,"name":"Shaded","section":"Shading Mode"},"sceneLighting":false,"audioPlay":false,"sceneViewState":{"showFog":true,"showMaterialUpdate":false,"showSkybox":true,"showFlares":true,"showImageEffects":true,"showParticleSystems":true},"in2DMode":false,"pivot":{"x":15.275411605834961,"y":-47.133506774902347,"z":64.2007827758789},"rotation":{"x":-0.1379503458738327,"y":0.8488578200340271,"z":-0.43259021639823916,"w":-0.2706953287124634},"size":122.7576904296875,"orthographic":false}